Area,Week,Number,MOE,Percent,MOE Percent
United States,"25 - February 17 - March 1, 2021",90412774,1479474,38.4,0.6
United States,"19 - November 11-23, 2020",87796720,1307191,36.9,0.6
United States,"18 - October 28 - November 9, 2020",88290005,1301588,37.3,0.6
United States,"22 - January 6-18, 2021",89217399,1286041,38.4,0.5
United States,"24 - February 3-15, 2021",91134754,1273350,38.8,0.6
United States,"21 - December 9-21, 2020",88800680,1268033,37.5,0.5
United States,"26 - March 3-15, 2021",91431335,1259567,38.8,0.5
United States,"27 - March 17-29, 2021",91765269,1241722,39.1,0.5
United States,"17 - October 14-26, 2020",87274206,1170908,36.9,0.5
United States,"23 - January 20 - February 1, 2021",91007399,1125907,38.6,0.5
United States,"20 - November 25 - December 7, 2020",88448096,1070698,37.3,0.4
United States,"14 - September 2-14, 2020",85824785,1012735,36.4,0.4
United States,"15 - September 16-28, 2020",86484370,973245,36.6,0.4
United States,"16 - September 30 - October 12, 2020",87489086,921683,36.9,0.4
United States,"13 - August 19-31, 2020",85653079,916444,36.3,0.4
California,"18 - October 28 - November 9, 2020",12297343,770938,43.9,2.8
California,"25 - February 17 - March 1, 2021",11999796,641658,42.3,2.2
California,"22 - January 6-18, 2021",12053259,618963,43.5,2.1
Texas,"27 - March 17-29, 2021",7697679,612611,38.9,3
California,"27 - March 17-29, 2021",12148505,595770,42.4,2
California,"21 - December 9-21, 2020",11250795,572788,39.2,1.9
California,"19 - November 11-23, 2020",11430624,570190,39.4,2
New York,"21 - December 9-21, 2020",5661120,548649,40.6,3.9
California,"24 - February 3-15, 2021",12112548,544378,43.1,2
Texas,"21 - December 9-21, 2020",8249335,541433,40,2.5
California,"20 - November 25 - December 7, 2020",11217480,534698,39.7,2
New York,"19 - November 11-23, 2020",5923062,534216,41.4,3.7
Texas,"22 - January 6-18, 2021",7413437,518025,37.4,2.5
California,"26 - March 3-15, 2021",12157764,516670,43.2,2
California,"23 - January 20 - February 1, 2021",11711765,514045,41.2,1.9
Texas,"16 - September 30 - October 12, 2020",8132742,508046,40.3,2.3
California,"13 - August 19-31, 2020",11147384,496396,39.7,1.6
Texas,"19 - November 11-23, 2020",6976592,487169,34.2,2.3
Texas,"17 - October 14-26, 2020",7350872,487116,36.7,2.4
Texas,"15 - September 16-28, 2020",7701177,481087,37.8,2.3
Texas,"20 - November 25 - December 7, 2020",7273818,476575,35.6,2.3
California,"17 - October 14-26, 2020",10799858,475030,38.4,1.6
California,"16 - September 30 - October 12, 2020",10990976,469705,38.9,1.7
Texas,"18 - October 28 - November 9, 2020",7662403,468625,38.1,2.3
Texas,"25 - February 17 - March 1, 2021",7722833,464403,38.5,2.3
New York,"18 - October 28 - November 9, 2020",5463485,463812,40.4,3.4
California,"15 - September 16-28, 2020",11557810,463236,41.1,1.7
Florida,"26 - March 3-15, 2021",5177318,458704,32.7,3
New York,"25 - February 17 - March 1, 2021",5967691,458600,43.7,3.3
New York,"27 - March 17-29, 2021",6053509,451274,43.9,3.3
New York,"24 - February 3-15, 2021",6240942,450570,45.2,3.1
Florida,"21 - December 9-21, 2020",5444950,442057,34.2,2.8
California,"14 - September 2-14, 2020",11233083,437008,39.7,1.5
Florida,"19 - November 11-23, 2020",5186382,435033,32,2.7
New York,"22 - January 6-18, 2021",5406222,427505,39.3,3.1
Florida,"23 - January 20 - February 1, 2021",5579454,424129,34.8,2.6
Florida,"27 - March 17-29, 2021",5205888,413476,32.9,2.7
New York,"23 - January 20 - February 1, 2021",5576675,412514,40.1,2.9
Texas,"24 - February 3-15, 2021",7467995,403706,37.1,2.1
New York,"16 - September 30 - October 12, 2020",5832604,403518,41.4,2.9
New York,"17 - October 14-26, 2020",5595645,400010,40.1,2.8
Texas,"23 - January 20 - February 1, 2021",7415738,398567,37.1,2.1
Florida,"25 - February 17 - March 1, 2021",5429849,395372,34.3,2.6
New York,"20 - November 25 - December 7, 2020",6357646,393906,45.4,3.1
Florida,"20 - November 25 - December 7, 2020",5238607,390199,32.3,2.4
Texas,"26 - March 3-15, 2021",7667073,389600,38.1,1.9
Florida,"22 - January 6-18, 2021",5159565,375203,33.2,2.4
Texas,"14 - September 2-14, 2020",7097356,371734,35.5,1.8
Florida,"24 - February 3-15, 2021",5174095,369325,32.8,2.3
Florida,"13 - August 19-31, 2020",4838861,365406,30.3,2.3
Florida,"18 - October 28 - November 9, 2020",4758675,365180,29.8,2.3
Florida,"15 - September 16-28, 2020",4988357,365101,31.4,2.4
Florida,"17 - October 14-26, 2020",4816326,354552,30.3,2.2
Florida,"16 - September 30 - October 12, 2020",4966074,352687,30.9,2.2
Ohio,"24 - February 3-15, 2021",3054129,350516,37.3,4
New York,"15 - September 16-28, 2020",5692554,347160,41.1,2.4
Ohio,"27 - March 17-29, 2021",3287853,339700,39.5,4.1
New York,"26 - March 3-15, 2021",5722269,338958,40.9,2.4
Texas,"13 - August 19-31, 2020",7317188,330282,35.6,1.6
Pennsylvania,"22 - January 6-18, 2021",3797019,308151,41.8,3.3
Pennsylvania,"23 - January 20 - February 1, 2021",3957177,302294,42.8,3.1
Florida,"14 - September 2-14, 2020",5237099,301287,33,1.9
Ohio,"22 - January 6-18, 2021",2693503,300789,33,3.6
Illinois,"24 - February 3-15, 2021",3737960,295986,41.1,3.2
Ohio,"18 - October 28 - November 9, 2020",2924988,295658,34.7,3.4
Ohio,"25 - February 17 - March 1, 2021",3065086,288469,36.7,3.5
Ohio,"19 - November 11-23, 2020",2916490,288447,34.7,3.4
North Carolina,"18 - October 28 - November 9, 2020",2511340,286378,32.5,3.6
New York,"14 - September 2-14, 2020",5518833,286219,39.7,2.1
Ohio,"20 - November 25 - December 7, 2020",2827124,285952,33.5,3.4
Georgia,"18 - October 28 - November 9, 2020",2996992,284893,40.1,3.8
Pennsylvania,"19 - November 11-23, 2020",3581771,277681,38.1,2.8
North Carolina,"22 - January 6-18, 2021",3072197,277231,41.4,3.9
Ohio,"26 - March 3-15, 2021",3078832,276858,36.6,3.4
Pennsylvania,"27 - March 17-29, 2021",3424418,275995,37.2,3
North Carolina,"20 - November 25 - December 7, 2020",2861260,274281,37.2,3.5
Illinois,"18 - October 28 - November 9, 2020",3284847,272474,35.8,3
North Carolina,"21 - December 9-21, 2020",2585588,270112,34.1,3.5
Pennsylvania,"24 - February 3-15, 2021",3517763,268160,38.2,2.8
Georgia,"22 - January 6-18, 2021",2891364,267983,38,3.3
Pennsylvania,"21 - December 9-21, 2020",3410182,267816,36.6,2.8
New York,"13 - August 19-31, 2020",5750010,265135,41.6,1.9
Georgia,"25 - February 17 - March 1, 2021",2693722,264924,35.5,3.4
Michigan,"18 - October 28 - November 9, 2020",2541732,263027,34.3,3.5
Ohio,"23 - January 20 - February 1, 2021",2962018,258002,34.7,3
Ohio,"21 - December 9-21, 2020",2871215,257966,33.7,2.9
Ohio,"16 - September 30 - October 12, 2020",2739990,256474,32.6,2.9
Illinois,"21 - December 9-21, 2020",3827487,254265,42.6,2.8
North Carolina,"17 - October 14-26, 2020",2812381,253913,36.8,3.3
North Carolina,"19 - November 11-23, 2020",2531515,252724,33.5,3.3
Pennsylvania,"17 - October 14-26, 2020",3516501,252722,37.5,2.7
Illinois,"23 - January 20 - February 1, 2021",3663976,252394,40.7,2.7
Illinois,"20 - November 25 - December 7, 2020",3671291,251391,40.5,2.7
Pennsylvania,"18 - October 28 - November 9, 2020",3326907,250207,35.3,2.8
North Carolina,"26 - March 3-15, 2021",2852926,244928,38,3.3
Georgia,"21 - December 9-21, 2020",2783942,242964,36.1,3.1
Ohio,"17 - October 14-26, 2020",3092561,242140,36.6,2.8
Pennsylvania,"26 - March 3-15, 2021",3702145,237764,39.7,2.6
Georgia,"27 - March 17-29, 2021",3165126,233769,41.8,3.1
Georgia,"20 - November 25 - December 7, 2020",2631091,232799,34.6,3
Pennsylvania,"20 - November 25 - December 7, 2020",3296170,230957,35.6,2.5
North Carolina,"16 - September 30 - October 12, 2020",2380437,230236,31,2.9
North Carolina,"15 - September 16-28, 2020",2443053,229189,32.2,3.1
Georgia,"16 - September 30 - October 12, 2020",2898261,227731,37.6,3
Georgia,"19 - November 11-23, 2020",2796363,227225,36.9,3
North Carolina,"23 - January 20 - February 1, 2021",2736504,226817,36.4,3.2
Illinois,"27 - March 17-29, 2021",3661789,223720,41.3,2.6
Pennsylvania,"25 - February 17 - March 1, 2021",3525106,223195,37.6,2.5
New Jersey,"17 - October 14-26, 2020",3145224,220302,49.4,3.2
Georgia,"26 - March 3-15, 2021",2805409,220133,37.6,2.9
New Jersey,"21 - December 9-21, 2020",2883965,219736,45.2,3.3
Michigan,"23 - January 20 - February 1, 2021",2604146,219342,35.8,3
North Carolina,"27 - March 17-29, 2021",2748974,218996,36,3
Illinois,"26 - March 3-15, 2021",3445551,216753,38.4,2.4
Virginia,"18 - October 28 - November 9, 2020",2555200,215813,41.5,3.5
Pennsylvania,"15 - September 16-28, 2020",3537411,215694,37.9,2.3
Illinois,"19 - November 11-23, 2020",3885462,212712,42.7,2.3
North Carolina,"14 - September 2-14, 2020",2742210,211865,36.2,3
Michigan,"19 - November 11-23, 2020",2423365,210491,33.5,2.8
Ohio,"14 - September 2-14, 2020",2801514,209786,32.7,2.4
New Jersey,"18 - October 28 - November 9, 2020",2754484,209619,42.6,3.2
Georgia,"23 - January 20 - February 1, 2021",2884754,209390,37.7,2.7
Illinois,"15 - September 16-28, 2020",3398566,207906,37.2,2.4
Michigan,"25 - February 17 - March 1, 2021",2839483,207883,38.9,2.8
Illinois,"17 - October 14-26, 2020",3356483,205951,37.3,2.3
Michigan,"17 - October 14-26, 2020",2555379,205131,34.6,2.8
Illinois,"13 - August 19-31, 2020",3353674,204940,37.1,2.3
Virginia,"20 - November 25 - December 7, 2020",2836632,204326,45.1,3.4
New Jersey,"22 - January 6-18, 2021",2949835,203608,46.8,3.1
Pennsylvania,"16 - September 30 - October 12, 2020",3630065,202753,38.6,2.2
Illinois,"22 - January 6-18, 2021",3566554,202287,39.7,2.4
Georgia,"17 - October 14-26, 2020",2853235,200447,37.3,2.8
Ohio,"13 - August 19-31, 2020",2608870,199386,31.3,2.5
North Carolina,"24 - February 3-15, 2021",2807057,197684,37,2.7
North Carolina,"25 - February 17 - March 1, 2021",2732202,197303,36.6,2.8
Illinois,"25 - February 17 - March 1, 2021",3365320,195522,37.8,2.2
Michigan,"22 - January 6-18, 2021",2570359,195085,35.9,2.8
Ohio,"15 - September 16-28, 2020",2653558,194662,31.7,2.4
Pennsylvania,"14 - September 2-14, 2020",3488451,194294,37.6,2
North Carolina,"13 - August 19-31, 2020",2483914,193784,32.8,2.6
New Jersey,"27 - March 17-29, 2021",3293764,191887,51.1,3
Michigan,"26 - March 3-15, 2021",2612530,191816,36.1,2.7
New Jersey,"19 - November 11-23, 2020",2853053,187694,44.4,3.1
Arizona,"18 - October 28 - November 9, 2020",1937825,187064,36,3.4
Michigan,"27 - March 17-29, 2021",2578675,186270,36.3,2.7
Georgia,"13 - August 19-31, 2020",2841687,184154,37.8,2.3
Virginia,"19 - November 11-23, 2020",2675069,183384,43,2.9
Indiana,"25 - February 17 - March 1, 2021",1663691,183158,34.5,3.8
New Jersey,"23 - January 20 - February 1, 2021",2931288,182696,46.5,2.9
Illinois,"16 - September 30 - October 12, 2020",3562494,182377,39.4,2
Missouri,"18 - October 28 - November 9, 2020",1720267,182277,38.4,4
Virginia,"22 - January 6-18, 2021",2747582,181943,45.2,3
Virginia,"17 - October 14-26, 2020",2651904,181215,42.8,2.9
Virginia,"27 - March 17-29, 2021",2812637,178023,45.6,2.9
Pennsylvania,"13 - August 19-31, 2020",3454163,177133,37.4,1.9
New Jersey,"26 - March 3-15, 2021",3165304,176637,49.4,2.7
New Jersey,"20 - November 25 - December 7, 2020",2761769,175149,44.4,2.6
Michigan,"20 - November 25 - December 7, 2020",2512878,173198,34.8,2.3
New Jersey,"24 - February 3-15, 2021",3064689,171927,48,2.6
Massachusetts,"18 - October 28 - November 9, 2020",2611101,171197,50.8,3.3
Michigan,"16 - September 30 - October 12, 2020",2598553,170609,35.5,2.3
Michigan,"24 - February 3-15, 2021",2644796,170503,36.4,2.3
South Carolina,"19 - November 11-23, 2020",1141548,169530,30.7,4.4
Arizona,"25 - February 17 - March 1, 2021",2110998,167271,39.4,3.1
New Jersey,"14 - September 2-14, 2020",2849972,166186,44.9,2.6
Georgia,"14 - September 2-14, 2020",2694160,165986,35.1,2.1
Georgia,"24 - February 3-15, 2021",2708083,165136,36,2.3
Washington,"18 - October 28 - November 9, 2020",2487631,165033,44.1,2.9
Tennessee,"27 - March 17-29, 2021",1638950,163879,33.6,3.3
Tennessee,"20 - November 25 - December 7, 2020",1680163,163769,34.3,3.3
Virginia,"23 - January 20 - February 1, 2021",2672932,163503,43.8,2.7
Michigan,"15 - September 16-28, 2020",2521976,162599,34.9,2.2
South Carolina,"25 - February 17 - March 1, 2021",1062356,161920,28.2,4.3
Arizona,"27 - March 17-29, 2021",2050725,161546,38.5,3
Georgia,"15 - September 16-28, 2020",2596519,161191,34.3,2.1
Tennessee,"17 - October 14-26, 2020",1631861,160216,32.9,3.2
Maryland,"24 - February 3-15, 2021",2222166,159948,50.8,3.5
Virginia,"26 - March 3-15, 2021",2873066,159783,46.8,2.6
Tennessee,"18 - October 28 - November 9, 2020",1560052,159236,32,3.2
Colorado,"18 - October 28 - November 9, 2020",2178465,158198,50.4,3.7
Washington,"20 - November 25 - December 7, 2020",2495640,158003,44.7,2.8
Virginia,"21 - December 9-21, 2020",2651410,157882,42.9,2.4
Arizona,"19 - November 11-23, 2020",1926205,157818,35.9,2.9
Illinois,"14 - September 2-14, 2020",3535027,157742,38.8,1.7
Virginia,"25 - February 17 - March 1, 2021",2733017,155457,45,2.6
New Jersey,"25 - February 17 - March 1, 2021",2932333,155055,46.5,2.6
New Jersey,"13 - August 19-31, 2020",2800871,153704,44.1,2.3
Virginia,"24 - February 3-15, 2021",2780883,153697,45.1,2.4
Tennessee,"26 - March 3-15, 2021",1635962,153147,33.1,3
Arizona,"26 - March 3-15, 2021",2162482,152962,40.6,2.8
Missouri,"21 - December 9-21, 2020",1586136,152731,36.6,3.5
Tennessee,"22 - January 6-18, 2021",1597755,152343,33.4,3
Washington,"24 - February 3-15, 2021",2492504,151326,44.7,2.7
Michigan,"21 - December 9-21, 2020",2375619,151196,33.3,2.1
Missouri,"22 - January 6-18, 2021",1393253,150370,32.5,3.4
Tennessee,"23 - January 20 - February 1, 2021",1523140,149708,30.9,3
Massachusetts,"21 - December 9-21, 2020",2490237,149599,48.5,3
Arizona,"17 - October 14-26, 2020",2064964,148577,38.8,2.8
Indiana,"26 - March 3-15, 2021",1575828,147854,32.9,3.1
Indiana,"23 - January 20 - February 1, 2021",1775076,147808,36.9,3.1
Indiana,"18 - October 28 - November 9, 2020",1513273,147486,32,3.2
Washington,"25 - February 17 - March 1, 2021",2369096,147119,41.7,2.6
Louisiana,"18 - October 28 - November 9, 2020",953723,145183,29.1,4.4
Michigan,"14 - September 2-14, 2020",2451738,144902,34.3,2.1
New Jersey,"16 - September 30 - October 12, 2020",3073377,144702,47.9,2.3
Michigan,"13 - August 19-31, 2020",2784849,144608,38.4,2
Massachusetts,"27 - March 17-29, 2021",2509097,144086,50,2.9
Missouri,"20 - November 25 - December 7, 2020",1557663,143633,34.7,3.2
Arizona,"24 - February 3-15, 2021",1918935,142037,36.3,2.6
Wisconsin,"27 - March 17-29, 2021",1651914,140578,39.3,3.2
Massachusetts,"25 - February 17 - March 1, 2021",2504914,139462,49.1,2.6
Massachusetts,"26 - March 3-15, 2021",2522558,139446,49.5,2.7
Tennessee,"25 - February 17 - March 1, 2021",1573549,138484,32,2.7
Arizona,"20 - November 25 - December 7, 2020",2007473,138121,37.7,2.7
Washington,"26 - March 3-15, 2021",2508408,137832,44.4,2.5
Wisconsin,"23 - January 20 - February 1, 2021",1690341,137596,39.7,3.2
Wisconsin,"19 - November 11-23, 2020",1567194,137070,37,3.4
Colorado,"22 - January 6-18, 2021",1970478,136670,46.3,3.3
Missouri,"27 - March 17-29, 2021",1492745,136183,34.4,3
South Carolina,"23 - January 20 - February 1, 2021",1137702,136059,30.5,3.7
Arizona,"21 - December 9-21, 2020",2037861,135823,38.1,2.6
Maryland,"23 - January 20 - February 1, 2021",2257331,134244,51.4,2.9
Tennessee,"24 - February 3-15, 2021",1623871,133309,33,2.8
Colorado,"21 - December 9-21, 2020",1990966,132811,46.5,3.1
Washington,"21 - December 9-21, 2020",2350599,132712,42.1,2.4
Maryland,"25 - February 17 - March 1, 2021",2020347,132645,47.1,3.1
Washington,"23 - January 20 - February 1, 2021",2628606,132412,46.4,2.3
Arizona,"23 - January 20 - February 1, 2021",2044408,132179,38.8,2.5
Indiana,"27 - March 17-29, 2021",1629327,131385,34,2.7
Wisconsin,"21 - December 9-21, 2020",1599159,131008,37.9,3.2
Maryland,"16 - September 30 - October 12, 2020",2054882,130822,48,3
New Jersey,"15 - September 16-28, 2020",2735450,129942,42.5,1.9
Indiana,"21 - December 9-21, 2020",1539849,129895,32.3,2.9
Tennessee,"21 - December 9-21, 2020",1439036,129459,29.9,2.8
Tennessee,"19 - November 11-23, 2020",1466053,128626,30,2.7
South Carolina,"20 - November 25 - December 7, 2020",1057178,128543,28.5,3.5
Massachusetts,"23 - January 20 - February 1, 2021",2521035,127770,50.7,2.5
Maryland,"21 - December 9-21, 2020",2100670,127284,48.9,3
Maryland,"22 - January 6-18, 2021",2204433,127168,50.9,2.8
Washington,"22 - January 6-18, 2021",2435088,126745,43.3,2.3
Wisconsin,"25 - February 17 - March 1, 2021",1548512,126562,36.3,3
Alabama,"27 - March 17-29, 2021",1045707,125912,29.9,3.5
Louisiana,"24 - February 3-15, 2021",962504,125588,29.6,3.8
Washington,"27 - March 17-29, 2021",2310805,125569,41.4,2.3
Massachusetts,"22 - January 6-18, 2021",2515904,125240,50.1,2.4
Missouri,"23 - January 20 - February 1, 2021",1628631,125033,37.4,2.7
Massachusetts,"20 - November 25 - December 7, 2020",2413853,124971,47.9,2.6
Maryland,"27 - March 17-29, 2021",2007232,123607,46.5,2.7
Arizona,"22 - January 6-18, 2021",1980281,123427,38,2.3
Colorado,"23 - January 20 - February 1, 2021",1971489,123416,45.7,3
South Carolina,"26 - March 3-15, 2021",1151017,123295,31.4,3.3
Virginia,"13 - August 19-31, 2020",2489283,122621,40.5,1.9
Massachusetts,"24 - February 3-15, 2021",2545981,122531,50.2,2.5
Colorado,"24 - February 3-15, 2021",1990175,122458,46.8,3.1
Indiana,"22 - January 6-18, 2021",1434170,122437,31.3,2.5
Colorado,"27 - March 17-29, 2021",1879051,122403,44.3,2.8
Colorado,"26 - March 3-15, 2021",2079053,122277,48.1,2.8
South Carolina,"24 - February 3-15, 2021",1117889,121877,30.6,3.3
Missouri,"15 - September 16-28, 2020",1491834,121525,33.5,2.7
Wisconsin,"24 - February 3-15, 2021",1607108,121354,37.5,2.8
Wisconsin,"16 - September 30 - October 12, 2020",1474073,121346,34.8,3
Tennessee,"13 - August 19-31, 2020",1451609,121310,29.4,2.5
Arizona,"16 - September 30 - October 12, 2020",2055089,121094,38.4,2.3
South Carolina,"22 - January 6-18, 2021",1034528,120649,28.4,3.3
Massachusetts,"19 - November 11-23, 2020",2436695,120355,47.7,2.3
Missouri,"19 - November 11-23, 2020",1412728,119944,32.2,2.8
Alabama,"26 - March 3-15, 2021",1002867,119718,28.4,3.4
Kentucky,"23 - January 20 - February 1, 2021",983567,119553,31.3,3.9
Washington,"19 - November 11-23, 2020",2328595,119282,41.2,2.2
South Carolina,"17 - October 14-26, 2020",1157709,118991,30.2,3.2
Minnesota,"24 - February 3-15, 2021",1802474,118763,44.4,2.8
Wisconsin,"26 - March 3-15, 2021",1488264,118741,35.3,2.8
Alabama,"21 - December 9-21, 2020",970011,118632,28.1,3.4
Maryland,"15 - September 16-28, 2020",2074954,118538,47.3,2.7
Kentucky,"26 - March 3-15, 2021",1075940,118522,33.8,3.7
Minnesota,"23 - January 20 - February 1, 2021",1754397,118514,43.4,3
Kentucky,"25 - February 17 - March 1, 2021",978045,118508,30.4,3.7
Alabama,"22 - January 6-18, 2021",903290,118438,27,3.4
Missouri,"24 - February 3-15, 2021",1452125,118190,33.1,2.7
Missouri,"16 - September 30 - October 12, 2020",1575119,117875,35.5,2.6
Arizona,"15 - September 16-28, 2020",1981866,117845,37.2,2.3
Kentucky,"27 - March 17-29, 2021",1086115,117576,33.9,3.7
Louisiana,"19 - November 11-23, 2020",900735,117516,27.2,3.5
Alabama,"17 - October 14-26, 2020",1046823,117197,30.2,3.3
Indiana,"15 - September 16-28, 2020",1571835,117156,33,2.4
Massachusetts,"15 - September 16-28, 2020",2378668,116628,47.2,2.2
Wisconsin,"22 - January 6-18, 2021",1482418,116062,35,2.7
Missouri,"25 - February 17 - March 1, 2021",1563937,115995,36.2,2.7
Louisiana,"27 - March 17-29, 2021",911642,115826,28.1,3.4
Alabama,"24 - February 3-15, 2021",998129,115826,28.7,3.3
Wisconsin,"18 - October 28 - November 9, 2020",1462890,115505,34.9,2.8
Wisconsin,"20 - November 25 - December 7, 2020",1515682,114828,36,2.8
Massachusetts,"14 - September 2-14, 2020",2448734,114469,48.4,2.2
Kentucky,"21 - December 9-21, 2020",919559,113987,28.5,3.5
Virginia,"16 - September 30 - October 12, 2020",2711933,113852,43.5,1.9
Indiana,"24 - February 3-15, 2021",1390884,113687,29.5,2.4
South Carolina,"18 - October 28 - November 9, 2020",1070575,113397,28,2.9
Alabama,"20 - November 25 - December 7, 2020",825301,113114,23.3,3.3
Maryland,"20 - November 25 - December 7, 2020",2165424,112790,50.1,2.6
Kentucky,"24 - February 3-15, 2021",856856,112766,27.5,3.7
Missouri,"17 - October 14-26, 2020",1487867,112525,33.8,2.6
Virginia,"14 - September 2-14, 2020",2821715,111901,45.8,1.9
Missouri,"26 - March 3-15, 2021",1528066,111390,34.6,2.5
Colorado,"17 - October 14-26, 2020",1943647,110972,44.9,2.6
Colorado,"20 - November 25 - December 7, 2020",2055248,110755,46.9,2.6
Minnesota,"21 - December 9-21, 2020",1666329,110744,40.9,2.9
Alabama,"18 - October 28 - November 9, 2020",895214,110718,25.2,3.1
Minnesota,"22 - January 6-18, 2021",1826648,110707,45,2.6
Colorado,"25 - February 17 - March 1, 2021",1935692,110545,45.6,2.6
Minnesota,"19 - November 11-23, 2020",1679052,110354,41,2.7
Minnesota,"25 - February 17 - March 1, 2021",1696356,110309,41.6,2.6
Minnesota,"18 - October 28 - November 9, 2020",1782166,108789,43.5,2.7
Maryland,"19 - November 11-23, 2020",2006109,108326,46.4,2.5
South Carolina,"27 - March 17-29, 2021",1015270,107818,27.6,2.8
Alabama,"23 - January 20 - February 1, 2021",948494,107760,27.8,3.3
Tennessee,"15 - September 16-28, 2020",1401976,107214,28.5,2.3
Indiana,"16 - September 30 - October 12, 2020",1451637,107108,29.9,2.3
Oklahoma,"18 - October 28 - November 9, 2020",866358,106995,30.9,3.8
Massachusetts,"17 - October 14-26, 2020",2543603,106926,50.4,2.4
Minnesota,"27 - March 17-29, 2021",1879867,106605,45.9,2.6
Alabama,"25 - February 17 - March 1, 2021",876697,106334,24.6,3.1
Minnesota,"20 - November 25 - December 7, 2020",1699163,106106,41.7,2.7
Louisiana,"26 - March 3-15, 2021",886596,105702,27.5,3.4
Maryland,"26 - March 3-15, 2021",2187948,105480,50.2,2.3
South Carolina,"15 - September 16-28, 2020",1145020,105403,30.3,2.9
Louisiana,"25 - February 17 - March 1, 2021",879555,105184,27.4,3.4
Washington,"17 - October 14-26, 2020",2361877,104977,41.6,1.8
Washington,"15 - September 16-28, 2020",2375401,104817,42.1,1.9
Colorado,"19 - November 11-23, 2020",2045863,104698,47.3,2.5
Maryland,"17 - October 14-26, 2020",2047520,104582,46.5,2.4
Wisconsin,"15 - September 16-28, 2020",1543347,104571,36.8,2.4
Louisiana,"23 - January 20 - February 1, 2021",841036,104263,27.1,3.3
Maryland,"18 - October 28 - November 9, 2020",1930389,103442,44.3,2.3
Massachusetts,"16 - September 30 - October 12, 2020",2453894,102836,47.7,1.9
Oklahoma,"24 - February 3-15, 2021",884878,102732,31.6,3.7
Kentucky,"19 - November 11-23, 2020",1104535,102042,34.4,3.1
Indiana,"13 - August 19-31, 2020",1450058,101714,30.4,2
Colorado,"14 - September 2-14, 2020",1851849,101595,43.3,2.3
Maryland,"14 - September 2-14, 2020",2011210,101447,46.3,2.3
Alabama,"19 - November 11-23, 2020",924757,101385,26.2,2.8
Kentucky,"18 - October 28 - November 9, 2020",953103,101046,29.2,3
Mississippi,"25 - February 17 - March 1, 2021",472998,100953,23.1,4.7
Louisiana,"21 - December 9-21, 2020",809365,100491,24.6,3.1
Louisiana,"22 - January 6-18, 2021",782361,100447,23.8,3.1
Wisconsin,"17 - October 14-26, 2020",1464684,100380,34.5,2.3
Arizona,"14 - September 2-14, 2020",1900202,100317,35.6,1.9
Virginia,"15 - September 16-28, 2020",2583370,100292,42.5,1.7
Indiana,"19 - November 11-23, 2020",1467444,100250,30.7,2.1
Arizona,"13 - August 19-31, 2020",1861939,99983,35,1.8
South Carolina,"21 - December 9-21, 2020",1029331,99643,27.6,2.8
Massachusetts,"13 - August 19-31, 2020",2416650,99109,47.4,2
Oklahoma,"25 - February 17 - March 1, 2021",868418,98710,31.4,3.5
Oklahoma,"23 - January 20 - February 1, 2021",1004880,98491,36.3,3.5
Oklahoma,"16 - September 30 - October 12, 2020",772164,97914,27.1,3.3
Indiana,"20 - November 25 - December 7, 2020",1429834,97881,30.2,2.2
Louisiana,"17 - October 14-26, 2020",889135,97753,27.2,3
Minnesota,"17 - October 14-26, 2020",1716430,97735,41.9,2.4
Minnesota,"15 - September 16-28, 2020",1749910,97455,43,2.4
Colorado,"16 - September 30 - October 12, 2020",1973793,97419,45.5,2.3
Missouri,"13 - August 19-31, 2020",1455219,96188,32.7,2.1
Colorado,"15 - September 16-28, 2020",1953496,96159,45.5,2.3
Alabama,"15 - September 16-28, 2020",860552,95962,24.6,2.7
South Carolina,"14 - September 2-14, 2020",1120310,95808,29.9,2.6
Indiana,"14 - September 2-14, 2020",1261179,95592,26.3,2
Mississippi,"21 - December 9-21, 2020",497228,95192,24,4.3
Kentucky,"17 - October 14-26, 2020",1001857,94487,31.1,2.9
Mississippi,"23 - January 20 - February 1, 2021",519680,92635,24.8,4.4
Oklahoma,"19 - November 11-23, 2020",882775,92129,31.6,3.3
Washington,"13 - August 19-31, 2020",2370638,92080,42,1.7
Maryland,"13 - August 19-31, 2020",2023099,91972,46.4,2.1
Tennessee,"16 - September 30 - October 12, 2020",1469861,91452,29.4,1.8
Connecticut,"21 - December 9-21, 2020",1150585,90801,44.9,3.5
Wisconsin,"14 - September 2-14, 2020",1417496,90583,33.4,2.2
Missouri,"14 - September 2-14, 2020",1355668,90116,31.7,2.1
Kentucky,"22 - January 6-18, 2021",927928,90091,29.9,3
Connecticut,"22 - January 6-18, 2021",1148522,90067,44.8,3.7
Kentucky,"16 - September 30 - October 12, 2020",946715,89973,29.7,2.6
Connecticut,"18 - October 28 - November 9, 2020",1074436,89267,41.4,3.4
Indiana,"17 - October 14-26, 2020",1363953,88754,28.8,2
Oregon,"25 - February 17 - March 1, 2021",1263865,88582,39.8,2.8
Oregon,"27 - March 17-29, 2021",1309025,87875,41.8,2.8
Connecticut,"27 - March 17-29, 2021",1195153,87014,46.5,3.3
Minnesota,"26 - March 3-15, 2021",1750183,86753,43.5,2
South Carolina,"16 - September 30 - October 12, 2020",916643,86587,24.5,2.4
Mississippi,"24 - February 3-15, 2021",582463,85483,28.4,4.1
Oklahoma,"22 - January 6-18, 2021",864757,85459,31.7,3.1
Louisiana,"13 - August 19-31, 2020",823499,85372,25.8,2.6
Oklahoma,"26 - March 3-15, 2021",884726,84692,31.7,3
Minnesota,"13 - August 19-31, 2020",1788372,84454,44.2,2
Louisiana,"20 - November 25 - December 7, 2020",776129,84247,23.9,2.6
Tennessee,"14 - September 2-14, 2020",1419202,84247,28.7,1.7
Colorado,"13 - August 19-31, 2020",1777371,83958,41.5,1.9
Mississippi,"26 - March 3-15, 2021",480658,83948,23.7,4.1
Connecticut,"19 - November 11-23, 2020",1166990,82869,44.8,3.1
Alabama,"13 - August 19-31, 2020",877353,82763,25.2,2.3
Kentucky,"20 - November 25 - December 7, 2020",878885,82744,27.6,2.7
Oregon,"17 - October 14-26, 2020",1183024,82585,37.6,2.7
Washington,"16 - September 30 - October 12, 2020",2321534,82456,41.4,1.5
Kansas,"22 - January 6-18, 2021",764463,82317,37.7,3.9
Washington,"14 - September 2-14, 2020",2367754,82315,42.1,1.4
Nevada,"18 - October 28 - November 9, 2020",772622,81388,34,3.4
Minnesota,"16 - September 30 - October 12, 2020",1666924,81325,40.9,1.9
Louisiana,"14 - September 2-14, 2020",828495,81229,25.2,2.4
Alabama,"16 - September 30 - October 12, 2020",893883,81109,25.7,2.4
Arkansas,"25 - February 17 - March 1, 2021",657243,80877,31.2,3.9
Alabama,"14 - September 2-14, 2020",965928,80714,27.7,2.3
Oklahoma,"27 - March 17-29, 2021",773456,80484,27.8,2.9
Wisconsin,"13 - August 19-31, 2020",1455909,80232,34.6,1.8
Louisiana,"16 - September 30 - October 12, 2020",831848,80108,26,2.5
Mississippi,"18 - October 28 - November 9, 2020",443446,79937,21,3.8
Arkansas,"22 - January 6-18, 2021",549008,79774,27,3.7
Connecticut,"26 - March 3-15, 2021",1262066,79356,49.1,3.3
Mississippi,"22 - January 6-18, 2021",433363,78718,22.2,4.2
Iowa,"24 - February 3-15, 2021",791453,78626,34.9,3.4
Oregon,"22 - January 6-18, 2021",1313850,77833,41.9,2.5
Oregon,"20 - November 25 - December 7, 2020",1164701,77646,36.5,2.4
Oregon,"21 - December 9-21, 2020",1214814,77023,38.5,2.3
Louisiana,"15 - September 16-28, 2020",811014,76960,24.9,2.4
Oregon,"24 - February 3-15, 2021",1269999,76924,40.1,2.4
Connecticut,"23 - January 20 - February 1, 2021",1115240,76305,43.4,2.8
Kentucky,"13 - August 19-31, 2020",971805,76274,30.6,2.4
Iowa,"15 - September 16-28, 2020",676287,75976,29.9,3.4
South Carolina,"13 - August 19-31, 2020",1058166,75848,27.8,2
Oregon,"18 - October 28 - November 9, 2020",1097690,75251,34.6,2.4
Kentucky,"15 - September 16-28, 2020",930298,75208,28.8,2.3
Oklahoma,"17 - October 14-26, 2020",827627,74815,29.7,2.6
Oklahoma,"21 - December 9-21, 2020",743847,74698,26.3,2.6
Hawaii,"18 - October 28 - November 9, 2020",419243,74454,40.2,7.1
Nevada,"24 - February 3-15, 2021",640342,73325,29.1,3.5
Arkansas,"24 - February 3-15, 2021",605641,73038,29.3,3.2
Oregon,"23 - January 20 - February 1, 2021",1166995,72907,36.8,2.3
Nevada,"21 - December 9-21, 2020",633659,72550,28.1,3.3
Nevada,"25 - February 17 - March 1, 2021",723607,72408,32.2,3.2
Oklahoma,"20 - November 25 - December 7, 2020",807696,72264,29.2,2.7
Arkansas,"26 - March 3-15, 2021",659877,72193,31.7,3.4
Oregon,"26 - March 3-15, 2021",1171580,71634,37.5,2.3
Nevada,"23 - January 20 - February 1, 2021",711008,70944,31.2,3.1
Minnesota,"14 - September 2-14, 2020",1701090,70581,41.7,1.7
Oregon,"16 - September 30 - October 12, 2020",1173820,70309,37.4,2.2
Iowa,"18 - October 28 - November 9, 2020",686277,70170,30.7,3.1
Arkansas,"23 - January 20 - February 1, 2021",560469,69869,26.7,3.3
Iowa,"19 - November 11-23, 2020",691572,69804,30.7,3
Arkansas,"21 - December 9-21, 2020",497307,69009,24.3,3.4
Kentucky,"14 - September 2-14, 2020",861333,68992,27.2,2.3
Nevada,"22 - January 6-18, 2021",676617,68798,30.3,3
Oregon,"19 - November 11-23, 2020",1177169,68467,36.8,2.2
Connecticut,"14 - September 2-14, 2020",1096598,68221,42.4,2.6
Utah,"27 - March 17-29, 2021",1146108,68135,51.9,3
Nevada,"27 - March 17-29, 2021",730880,68035,32.8,3
Iowa,"21 - December 9-21, 2020",722925,67749,32.4,3
Connecticut,"16 - September 30 - October 12, 2020",1122039,67438,43.3,2.5
Kansas,"20 - November 25 - December 7, 2020",757175,67175,37.3,3.3
Nevada,"19 - November 11-23, 2020",616873,66840,27.2,3
Kansas,"18 - October 28 - November 9, 2020",741373,66553,35.7,3.2
Connecticut,"25 - February 17 - March 1, 2021",1147223,66275,44.3,2.5
Connecticut,"15 - September 16-28, 2020",1132986,66183,43.6,2.5
Mississippi,"14 - September 2-14, 2020",512070,65638,24.9,3.1
Arkansas,"19 - November 11-23, 2020",564721,65448,26.4,3
Iowa,"26 - March 3-15, 2021",688830,65316,30.9,2.9
Mississippi,"20 - November 25 - December 7, 2020",474672,65250,22.5,3.1
Utah,"25 - February 17 - March 1, 2021",1099929,65012,49.6,2.9
Iowa,"22 - January 6-18, 2021",702324,64810,31.4,2.9
Iowa,"27 - March 17-29, 2021",739781,64349,33.2,2.8
Kansas,"23 - January 20 - February 1, 2021",783870,63935,38.3,3.1
Connecticut,"24 - February 3-15, 2021",1061319,63816,41.9,2.5
Iowa,"20 - November 25 - December 7, 2020",706976,63778,31.1,2.9
Connecticut,"20 - November 25 - December 7, 2020",1198133,63757,46.8,2.5
New Mexico,"18 - October 28 - November 9, 2020",519537,63616,33.8,4.1
Arkansas,"15 - September 16-28, 2020",496539,63437,23.1,2.9
Utah,"26 - March 3-15, 2021",1163054,62855,52.7,2.8
Nevada,"20 - November 25 - December 7, 2020",741108,62430,31.8,2.7
Oklahoma,"15 - September 16-28, 2020",795883,61716,28.5,2.2
Arkansas,"27 - March 17-29, 2021",510702,61222,25.2,3
Connecticut,"13 - August 19-31, 2020",1160116,59806,44.8,2.2
Nevada,"13 - August 19-31, 2020",683605,59494,29.8,2.6
Kansas,"19 - November 11-23, 2020",732116,59453,35.7,2.9
Nevada,"14 - September 2-14, 2020",627737,59293,27.1,2.6
Utah,"21 - December 9-21, 2020",1109634,59281,50.3,2.7
Utah,"20 - November 25 - December 7, 2020",1022617,59281,46.3,2.8
Kansas,"26 - March 3-15, 2021",760875,59248,37.3,2.9
Oregon,"13 - August 19-31, 2020",1150356,58744,36.9,2
Nevada,"17 - October 14-26, 2020",664962,58614,28.9,2.5
Utah,"17 - October 14-26, 2020",1121555,58357,50.2,2.6
Mississippi,"27 - March 17-29, 2021",406687,58185,19.6,2.8
Mississippi,"16 - September 30 - October 12, 2020",421113,57874,20.7,2.9
Utah,"18 - October 28 - November 9, 2020",1103057,57689,49.6,2.6
Oregon,"14 - September 2-14, 2020",1195942,57659,37.8,1.8
Oregon,"15 - September 16-28, 2020",1098208,57493,34.5,1.8
Kansas,"21 - December 9-21, 2020",795305,57491,38.5,2.9
Utah,"19 - November 11-23, 2020",1099039,57459,49.5,2.6
Kansas,"25 - February 17 - March 1, 2021",736149,57396,35.8,2.9
New Mexico,"21 - December 9-21, 2020",518907,57210,34.5,3.8
Mississippi,"19 - November 11-23, 2020",389920,57011,19.1,2.8
Kansas,"27 - March 17-29, 2021",736493,56763,35.8,2.7
West Virginia,"16 - September 30 - October 12, 2020",371865,56408,27.7,4.3
Arkansas,"20 - November 25 - December 7, 2020",574387,56370,26.9,2.5
Mississippi,"13 - August 19-31, 2020",475490,56278,23.8,2.8
Iowa,"17 - October 14-26, 2020",688511,56213,30.5,2.5
Oklahoma,"13 - August 19-31, 2020",761624,55551,27.2,2
Arkansas,"13 - August 19-31, 2020",563241,55375,26.4,2.6
Nevada,"15 - September 16-28, 2020",629622,54889,27.3,2.4
Mississippi,"15 - September 16-28, 2020",441508,54820,21.2,2.6
Arkansas,"14 - September 2-14, 2020",569759,54661,26.5,2.5
Kansas,"24 - February 3-15, 2021",783862,54494,38.9,2.6
Iowa,"23 - January 20 - February 1, 2021",686353,54195,30.6,2.5
West Virginia,"19 - November 11-23, 2020",314615,54087,24.5,4.3
Nevada,"26 - March 3-15, 2021",619746,53497,27.5,2.4
Iowa,"25 - February 17 - March 1, 2021",650267,53435,29.1,2.5
Maine,"27 - March 17-29, 2021",379681,53401,37.5,5.3
New Mexico,"19 - November 11-23, 2020",490742,53112,32.4,3.5
West Virginia,"27 - March 17-29, 2021",353743,53078,27.1,4.1
Utah,"23 - January 20 - February 1, 2021",1051496,52992,47.8,2.5
Kansas,"16 - September 30 - October 12, 2020",696976,52925,33.9,2.6
Oklahoma,"14 - September 2-14, 2020",723157,52778,25.9,1.9
West Virginia,"18 - October 28 - November 9, 2020",350841,52632,26.4,3.9
West Virginia,"24 - February 3-15, 2021",377574,52305,28.9,3.9
Mississippi,"17 - October 14-26, 2020",416451,52132,20,2.5
Utah,"22 - January 6-18, 2021",1047683,51782,48.2,2.3
Nevada,"16 - September 30 - October 12, 2020",628363,51779,27.3,2.2
New Mexico,"22 - January 6-18, 2021",509900,51521,34.3,3.5
New Mexico,"20 - November 25 - December 7, 2020",497843,50937,33.1,3.3
Arkansas,"18 - October 28 - November 9, 2020",487356,50693,22.9,2.5
New Mexico,"26 - March 3-15, 2021",551806,49857,36.5,3.3
Maine,"23 - January 20 - February 1, 2021",356597,49696,35.1,4.7
Utah,"13 - August 19-31, 2020",1011953,49488,45.6,2.2
Arkansas,"17 - October 14-26, 2020",526871,49024,24.4,2.3
Connecticut,"17 - October 14-26, 2020",1053781,48669,41.1,2
Nebraska,"18 - October 28 - November 9, 2020",475529,48360,34.3,3.5
New Mexico,"25 - February 17 - March 1, 2021",520726,48198,34.3,3.2
New Mexico,"17 - October 14-26, 2020",486574,48166,32.2,3.2
Nebraska,"20 - November 25 - December 7, 2020",518579,48093,38.2,3.6
New Hampshire,"25 - February 17 - March 1, 2021",424759,47791,41.1,4.6
Hawaii,"26 - March 3-15, 2021",348364,47697,34.4,4.7
New Mexico,"16 - September 30 - October 12, 2020",545833,47516,36.1,3
Hawaii,"24 - February 3-15, 2021",410442,47490,39.6,4.5
Utah,"14 - September 2-14, 2020",1031809,47382,46.5,2.2
Arkansas,"16 - September 30 - October 12, 2020",428716,47317,20.1,2.3
Kansas,"17 - October 14-26, 2020",668269,47202,33.3,2.3
Nebraska,"27 - March 17-29, 2021",526599,47104,39.2,3.4
Iowa,"14 - September 2-14, 2020",668957,46986,29.8,2.1
Hawaii,"20 - November 25 - December 7, 2020",321611,46935,30.6,4.5
Utah,"24 - February 3-15, 2021",1117351,46908,50.7,2.2
Idaho,"27 - March 17-29, 2021",452274,46827,34.7,3.6
Nebraska,"24 - February 3-15, 2021",505768,46485,37.1,3.4
West Virginia,"21 - December 9-21, 2020",342894,46357,26.1,3.6
Iowa,"13 - August 19-31, 2020",651573,46086,28.9,2
New Mexico,"24 - February 3-15, 2021",520980,45727,34.7,3
Iowa,"16 - September 30 - October 12, 2020",739574,45499,32.8,2
West Virginia,"14 - September 2-14, 2020",340987,45237,26.3,3.5
Utah,"15 - September 16-28, 2020",1059396,45193,48.6,2.1
Idaho,"18 - October 28 - November 9, 2020",432279,44989,33.5,3.5
New Mexico,"23 - January 20 - February 1, 2021",488792,44884,33,3.1
Kansas,"14 - September 2-14, 2020",699865,44874,34.4,2.1
Kansas,"13 - August 19-31, 2020",733960,44391,36,2.2
Idaho,"23 - January 20 - February 1, 2021",467983,43915,36.3,3.4
New Mexico,"15 - September 16-28, 2020",482125,43854,32.8,2.8
New Mexico,"27 - March 17-29, 2021",518691,43553,34.4,2.9
Idaho,"14 - September 2-14, 2020",483353,43542,37.5,3.3
Maine,"20 - November 25 - December 7, 2020",332715,42745,32.8,4.3
West Virginia,"22 - January 6-18, 2021",368160,42606,27.8,3.3
Rhode Island,"20 - November 25 - December 7, 2020",327865,42602,42.5,5.5
Idaho,"15 - September 16-28, 2020",432922,42577,34.2,3.2
New Mexico,"13 - August 19-31, 2020",499878,42525,33,2.8
Kansas,"15 - September 16-28, 2020",719081,41496,34.8,2
Maine,"24 - February 3-15, 2021",402180,41408,38.8,4
Nebraska,"19 - November 11-23, 2020",499580,41204,36.3,2.9
Maine,"22 - January 6-18, 2021",366163,40817,36.6,4.3
Idaho,"25 - February 17 - March 1, 2021",437618,40785,34.5,3.3
Idaho,"19 - November 11-23, 2020",459336,40755,35.6,3.2
West Virginia,"26 - March 3-15, 2021",338634,40752,26.3,3.2
Maine,"26 - March 3-15, 2021",375001,40473,37,4.2
New Hampshire,"18 - October 28 - November 9, 2020",412016,40364,40.3,4
West Virginia,"13 - August 19-31, 2020",309073,40123,23.5,3.1
Hawaii,"13 - August 19-31, 2020",380729,39739,37,3.7
Nebraska,"25 - February 17 - March 1, 2021",490155,39732,36.1,3
West Virginia,"23 - January 20 - February 1, 2021",322457,39712,25,3
Hawaii,"22 - January 6-18, 2021",362866,39688,35.8,3.9
Nebraska,"26 - March 3-15, 2021",515250,39495,37.5,2.8
Delaware,"18 - October 28 - November 9, 2020",254744,39423,35,5.3
Maine,"18 - October 28 - November 9, 2020",373058,39357,36.9,3.8
West Virginia,"17 - October 14-26, 2020",346960,39130,26.1,2.9
Nebraska,"21 - December 9-21, 2020",477536,39087,35.5,2.9
Idaho,"21 - December 9-21, 2020",413893,39068,32.3,3.1
New Hampshire,"26 - March 3-15, 2021",422788,38974,41.2,3.5
Hawaii,"25 - February 17 - March 1, 2021",392119,38915,38.4,3.8
Utah,"16 - September 30 - October 12, 2020",1044997,38879,47.2,1.8
Nebraska,"17 - October 14-26, 2020",496524,38779,36.5,2.9
West Virginia,"20 - November 25 - December 7, 2020",328266,38363,24.9,2.8
Nebraska,"23 - January 20 - February 1, 2021",506071,38091,37.2,2.7
New Hampshire,"21 - December 9-21, 2020",445579,38060,42.9,3.7
New Hampshire,"23 - January 20 - February 1, 2021",432075,37831,42.7,3.5
Rhode Island,"27 - March 17-29, 2021",332447,37614,42.6,4.8
New Hampshire,"27 - March 17-29, 2021",469747,37533,45.7,3.6
Nebraska,"15 - September 16-28, 2020",488134,37210,36.3,2.8
New Mexico,"14 - September 2-14, 2020",478862,37063,32.2,2.5
West Virginia,"25 - February 17 - March 1, 2021",331027,37010,25.5,2.9
West Virginia,"15 - September 16-28, 2020",322194,36797,24.8,2.9
Idaho,"20 - November 25 - December 7, 2020",440276,36425,34.1,2.9
Nebraska,"22 - January 6-18, 2021",460403,36330,35,2.8
Delaware,"20 - November 25 - December 7, 2020",302552,36130,41.9,5
New Hampshire,"20 - November 25 - December 7, 2020",417610,36086,40.5,3.5
Hawaii,"19 - November 11-23, 2020",368379,36029,36.2,3.6
Maine,"25 - February 17 - March 1, 2021",357401,36020,35,3.5
Hawaii,"21 - December 9-21, 2020",363691,36017,35.8,3.5
Hawaii,"17 - October 14-26, 2020",361958,35920,35.1,3.6
Idaho,"22 - January 6-18, 2021",418435,35915,33.6,2.9
Idaho,"24 - February 3-15, 2021",431387,35849,33.6,2.9
New Hampshire,"19 - November 11-23, 2020",419490,35849,40.1,3.5
Idaho,"26 - March 3-15, 2021",435497,35807,33.6,2.7
Hawaii,"27 - March 17-29, 2021",318563,35786,30.9,3.5
Maine,"21 - December 9-21, 2020",339006,35188,34.1,3.5
New Hampshire,"22 - January 6-18, 2021",422974,35105,40.5,3.5
Nebraska,"16 - September 30 - October 12, 2020",489594,35010,36.1,2.6
Montana,"24 - February 3-15, 2021",263706,34448,34,4.3
New Hampshire,"24 - February 3-15, 2021",481178,34245,47.7,3.5
Maine,"16 - September 30 - October 12, 2020",341147,33918,33.9,3.3
Hawaii,"14 - September 2-14, 2020",338697,33693,32.6,3.2
Montana,"21 - December 9-21, 2020",275372,33564,35.6,4.3
Maine,"19 - November 11-23, 2020",353247,33477,34.8,3.4
Delaware,"26 - March 3-15, 2021",254381,33250,35.8,4.5
Nebraska,"14 - September 2-14, 2020",455251,33104,34,2.5
Maine,"15 - September 16-28, 2020",347621,32783,34.2,3.3
Maine,"17 - October 14-26, 2020",337633,32765,33.4,3.3
Delaware,"25 - February 17 - March 1, 2021",264433,32645,38.1,4.7
New Hampshire,"17 - October 14-26, 2020",444557,32293,42.9,3.1
Hawaii,"16 - September 30 - October 12, 2020",354239,32232,35,3.2
Rhode Island,"19 - November 11-23, 2020",303653,31286,39.5,4.1
Maine,"13 - August 19-31, 2020",366213,31166,36.2,3.1
Rhode Island,"23 - January 20 - February 1, 2021",352291,31028,46.7,3.5
Rhode Island,"26 - March 3-15, 2021",292222,30921,38.3,3.8
Hawaii,"23 - January 20 - February 1, 2021",334434,30445,32.4,3.1
Rhode Island,"17 - October 14-26, 2020",295774,30444,38.3,3.8
Montana,"25 - February 17 - March 1, 2021",257028,29803,33.1,3.8
North Dakota,"25 - February 17 - March 1, 2021",170480,29764,32,5.6
Montana,"18 - October 28 - November 9, 2020",229390,29247,28.9,3.7
Delaware,"24 - February 3-15, 2021",261239,29183,36.6,4
Idaho,"17 - October 14-26, 2020",428139,29161,33.4,2.3
Idaho,"13 - August 19-31, 2020",436435,29079,34.1,2.3
Montana,"23 - January 20 - February 1, 2021",265629,28931,33.3,3.7
New Hampshire,"14 - September 2-14, 2020",387151,28875,37.9,2.8
New Hampshire,"13 - August 19-31, 2020",424236,28588,40.8,2.7
Rhode Island,"22 - January 6-18, 2021",327587,28494,42.6,3.8
Idaho,"16 - September 30 - October 12, 2020",391096,28466,30.4,2.1
Hawaii,"15 - September 16-28, 2020",356040,28328,34.5,2.8
Delaware,"19 - November 11-23, 2020",248179,28181,34.5,3.8
Montana,"22 - January 6-18, 2021",238781,28042,31,3.6
Rhode Island,"25 - February 17 - March 1, 2021",328097,27992,43.8,3.6
Delaware,"22 - January 6-18, 2021",248296,27560,34.6,3.9
New Hampshire,"16 - September 30 - October 12, 2020",431624,27554,42.4,2.5
Rhode Island,"14 - September 2-14, 2020",316977,27273,40.8,3.6
Delaware,"15 - September 16-28, 2020",271577,27014,38.7,3.8
Maine,"14 - September 2-14, 2020",327470,26944,32.2,2.7
Delaware,"17 - October 14-26, 2020",269230,26939,37.8,3.8
Rhode Island,"21 - December 9-21, 2020",324610,26523,40.7,3.3
Montana,"27 - March 17-29, 2021",236598,26035,29.9,3.4
Nebraska,"13 - August 19-31, 2020",466772,25745,35,2
Montana,"20 - November 25 - December 7, 2020",251618,25444,31.9,3.2
Rhode Island,"18 - October 28 - November 9, 2020",240804,25308,31.2,3.2
Montana,"26 - March 3-15, 2021",254853,25218,32.3,3.1
South Dakota,"24 - February 3-15, 2021",186605,25050,30.6,4
Montana,"15 - September 16-28, 2020",241771,24666,30.6,3.1
Rhode Island,"16 - September 30 - October 12, 2020",292463,24588,37.9,3.2
South Dakota,"18 - October 28 - November 9, 2020",198787,24487,32.1,4
South Dakota,"27 - March 17-29, 2021",196710,24411,31.9,3.9
Montana,"19 - November 11-23, 2020",213398,24382,26.9,3
Montana,"16 - September 30 - October 12, 2020",265933,24258,33.6,3
North Dakota,"21 - December 9-21, 2020",148805,24216,27.7,4.5
District of Columbia,"23 - January 20 - February 1, 2021",339130,24128,63.8,4.5
South Dakota,"23 - January 20 - February 1, 2021",166615,23825,27.1,3.8
Delaware,"14 - September 2-14, 2020",245183,23798,34.3,3.4
District of Columbia,"22 - January 6-18, 2021",352891,23740,68.5,4.4
South Dakota,"26 - March 3-15, 2021",181325,23731,29.4,3.9
District of Columbia,"19 - November 11-23, 2020",344586,23710,66,4.6
Delaware,"23 - January 20 - February 1, 2021",256858,23642,36.4,3.6
New Hampshire,"15 - September 16-28, 2020",410178,23528,40,2.3
North Dakota,"23 - January 20 - February 1, 2021",192316,23273,35.2,4.3
Rhode Island,"24 - February 3-15, 2021",293905,23272,37.7,3
North Dakota,"24 - February 3-15, 2021",163286,23253,30.3,4.3
Rhode Island,"13 - August 19-31, 2020",313876,22985,40.9,3.2
Vermont,"25 - February 17 - March 1, 2021",196760,22971,41.8,4.9
South Dakota,"22 - January 6-18, 2021",172982,22932,29.1,4
North Dakota,"18 - October 28 - November 9, 2020",168251,22858,31.2,4.4
Delaware,"16 - September 30 - October 12, 2020",246497,22513,34,3.1
Rhode Island,"15 - September 16-28, 2020",311631,22305,40.4,2.8
Delaware,"21 - December 9-21, 2020",255775,22113,35.9,3.4
Montana,"13 - August 19-31, 2020",211925,21704,26.8,2.7
Delaware,"27 - March 17-29, 2021",257239,21594,36.7,3.1
North Dakota,"27 - March 17-29, 2021",179238,21460,32.9,3.9
Montana,"17 - October 14-26, 2020",238744,21402,30.6,2.7
Delaware,"13 - August 19-31, 2020",258155,21224,35.4,2.9
South Dakota,"20 - November 25 - December 7, 2020",179245,21151,29.3,3.3
District of Columbia,"17 - October 14-26, 2020",328435,21094,61.9,3.8
District of Columbia,"27 - March 17-29, 2021",325254,20805,63.7,4.4
District of Columbia,"25 - February 17 - March 1, 2021",372060,20697,70.5,3.7
Montana,"14 - September 2-14, 2020",208034,20666,26.5,2.6
Vermont,"23 - January 20 - February 1, 2021",205558,20345,43.8,4.4
South Dakota,"14 - September 2-14, 2020",170548,19790,28,3.2
Vermont,"24 - February 3-15, 2021",193259,19771,41.6,4.3
District of Columbia,"16 - September 30 - October 12, 2020",321763,19396,63.3,3.9
Vermont,"26 - March 3-15, 2021",193536,19369,41.7,4.3
South Dakota,"21 - December 9-21, 2020",171253,19366,28.6,3.2
Vermont,"18 - October 28 - November 9, 2020",184491,19306,39.8,4.2
South Dakota,"15 - September 16-28, 2020",166449,19124,26.7,3.1
Alaska,"20 - November 25 - December 7, 2020",226401,18981,44.2,3.8
Wyoming,"23 - January 20 - February 1, 2021",119601,18979,29,4.6
District of Columbia,"13 - August 19-31, 2020",318352,18918,60.6,3.6
South Dakota,"25 - February 17 - March 1, 2021",142016,18902,23.3,3
Vermont,"27 - March 17-29, 2021",187465,18796,39.9,3.9
Vermont,"20 - November 25 - December 7, 2020",193651,18542,41.7,3.9
Vermont,"19 - November 11-23, 2020",203788,18487,43.5,4
North Dakota,"13 - August 19-31, 2020",172491,18277,32.3,3.4
North Dakota,"26 - March 3-15, 2021",141988,18271,26.3,3.4
North Dakota,"22 - January 6-18, 2021",157610,18262,30.5,3.5
Vermont,"15 - September 16-28, 2020",186424,18252,39.1,3.8
Wyoming,"18 - October 28 - November 9, 2020",110761,18218,26.5,4.3
District of Columbia,"20 - November 25 - December 7, 2020",344823,18202,66.6,3.4
North Dakota,"20 - November 25 - December 7, 2020",159719,18003,29.9,3.2
North Dakota,"17 - October 14-26, 2020",158853,17450,29.4,3.2
Wyoming,"20 - November 25 - December 7, 2020",114457,17256,27.4,4.3
Vermont,"21 - December 9-21, 2020",210349,17213,44.2,3.6
Wyoming,"24 - February 3-15, 2021",112778,17006,27.8,4.3
Wyoming,"27 - March 17-29, 2021",106865,16982,26.3,4.2
Vermont,"14 - September 2-14, 2020",193354,16887,41.2,3.4
District of Columbia,"18 - October 28 - November 9, 2020",329597,16649,62.6,3.2
Wyoming,"19 - November 11-23, 2020",122519,16486,29.3,4
South Dakota,"17 - October 14-26, 2020",165436,16332,27,2.6
North Dakota,"16 - September 30 - October 12, 2020",152339,16329,28.2,3.1
Vermont,"22 - January 6-18, 2021",191009,16325,41.4,3.8
Vermont,"17 - October 14-26, 2020",186800,16166,39.3,3.4
Alaska,"25 - February 17 - March 1, 2021",204573,15965,40.4,3.1
District of Columbia,"21 - December 9-21, 2020",333637,15889,63.1,3.2
Alaska,"23 - January 20 - February 1, 2021",199320,15808,38.9,3.1
North Dakota,"19 - November 11-23, 2020",180203,15757,33.7,3
South Dakota,"19 - November 11-23, 2020",165782,15564,27,2.6
Wyoming,"25 - February 17 - March 1, 2021",113641,15474,27.6,3.6
Alaska,"26 - March 3-15, 2021",192431,15324,37.8,3
District of Columbia,"15 - September 16-28, 2020",308230,15179,60.1,2.9
North Dakota,"15 - September 16-28, 2020",137364,14953,25.7,2.9
South Dakota,"13 - August 19-31, 2020",183943,14792,29.7,2.4
Vermont,"16 - September 30 - October 12, 2020",201834,14761,43.4,3.3
District of Columbia,"14 - September 2-14, 2020",320058,14572,61.4,2.9
District of Columbia,"26 - March 3-15, 2021",318288,14571,61.8,3.1
Alaska,"27 - March 17-29, 2021",188603,14470,37.3,3
Wyoming,"26 - March 3-15, 2021",108198,14159,26,3.4
Vermont,"13 - August 19-31, 2020",192744,14153,41.9,3.2
North Dakota,"14 - September 2-14, 2020",166042,14089,30.6,2.7
Wyoming,"21 - December 9-21, 2020",111474,14043,26.8,3.4
Alaska,"18 - October 28 - November 9, 2020",182993,13968,35.9,2.7
Alaska,"17 - October 14-26, 2020",187727,13927,36.8,2.8
Alaska,"21 - December 9-21, 2020",177878,13579,35.1,2.7
Alaska,"19 - November 11-23, 2020",200785,13473,39.8,2.7
Wyoming,"15 - September 16-28, 2020",115923,13152,27.7,3.1
Wyoming,"22 - January 6-18, 2021",112480,12858,27.9,3.3
Alaska,"22 - January 6-18, 2021",196844,12783,39.8,2.8
Alaska,"24 - February 3-15, 2021",177024,12761,35.6,2.7
Alaska,"16 - September 30 - October 12, 2020",176741,12548,34.6,2.4
South Dakota,"16 - September 30 - October 12, 2020",159267,12312,25.5,2
Alaska,"14 - September 2-14, 2020",182105,12047,36,2.3
Wyoming,"17 - October 14-26, 2020",121513,11890,28.8,2.8
District of Columbia,"24 - February 3-15, 2021",323594,11301,63.3,2.4
Alaska,"15 - September 16-28, 2020",176307,11144,34.3,2.2
Wyoming,"16 - September 30 - October 12, 2020",115690,10685,27.7,2.5
Alaska,"13 - August 19-31, 2020",166504,10493,32.8,2.1
Wyoming,"13 - August 19-31, 2020",107390,10433,25.6,2.6
Wyoming,"14 - September 2-14, 2020",103210,9769,25,2.5
"Los Angeles-Long Beach-Anaheim, CA Metro Area","18 - October 28 - November 9, 2020",4571235,511048,47.5,4.3
"New York-Newark-Jersey City, NY-NJ-PA Metro Area","19 - November 11-23, 2020",5854763,490166,47.3,3.5
"New York-Newark-Jersey City, NY-NJ-PA Metro Area","24 - February 3-15, 2021",6606145,470672,49.5,3.3
"Los Angeles-Long Beach-Anaheim, CA Metro Area","27 - March 17-29, 2021",4330463,445576,41.9,3.7
"New York-Newark-Jersey City, NY-NJ-PA Metro Area","21 - December 9-21, 2020",6295188,430930,46.6,3.2
"New York-Newark-Jersey City, NY-NJ-PA Metro Area","20 - November 25 - December 7, 2020",6362856,429639,47.9,3.4
"New York-Newark-Jersey City, NY-NJ-PA Metro Area","23 - January 20 - February 1, 2021",5862586,427782,45.5,3
"New York-Newark-Jersey City, NY-NJ-PA Metro Area","25 - February 17 - March 1, 2021",6213583,421682,47,2.9
"New York-Newark-Jersey City, NY-NJ-PA Metro Area","18 - October 28 - November 9, 2020",5730791,419257,45.4,3.7
"New York-Newark-Jersey City, NY-NJ-PA Metro Area","22 - January 6-18, 2021",5818600,417058,46,3.6
"Los Angeles-Long Beach-Anaheim, CA Metro Area","24 - February 3-15, 2021",4617752,403200,46.5,3.5
"New York-Newark-Jersey City, NY-NJ-PA Metro Area","26 - March 3-15, 2021",6323623,394122,45.8,2.4
"Los Angeles-Long Beach-Anaheim, CA Metro Area","19 - November 11-23, 2020",3981112,391565,38.3,3.7
"New York-Newark-Jersey City, NY-NJ-PA Metro Area","16 - September 30 - October 12, 2020",6127456,368261,46.9,2.5
"New York-Newark-Jersey City, NY-NJ-PA Metro Area","17 - October 14-26, 2020",6138902,359403,45.6,2.4
"Los Angeles-Long Beach-Anaheim, CA Metro Area","22 - January 6-18, 2021",4138701,356627,41.7,3.5
"Los Angeles-Long Beach-Anaheim, CA Metro Area","26 - March 3-15, 2021",4223486,351348,45.1,3.1
"New York-Newark-Jersey City, NY-NJ-PA Metro Area","27 - March 17-29, 2021",6246482,350119,47.2,2.7
"Los Angeles-Long Beach-Anaheim, CA Metro Area","17 - October 14-26, 2020",3995857,347750,40.2,3.7
"New York-Newark-Jersey City, NY-NJ-PA Metro Area","15 - September 16-28, 2020",5703306,343182,43.8,2.5
"Los Angeles-Long Beach-Anaheim, CA Metro Area","23 - January 20 - February 1, 2021",4258318,332661,42.2,3.3
"Los Angeles-Long Beach-Anaheim, CA Metro Area","21 - December 9-21, 2020",4215091,328245,45.6,3.2
"Los Angeles-Long Beach-Anaheim, CA Metro Area","15 - September 16-28, 2020",3980932,324325,42.6,3
"Los Angeles-Long Beach-Anaheim, CA Metro Area","13 - August 19-31, 2020",4030511,320064,43.3,2.6
"Los Angeles-Long Beach-Anaheim, CA Metro Area","16 - September 30 - October 12, 2020",3971683,314918,41.5,3
"Dallas-Fort Worth-Arlington, TX Metro Area","21 - December 9-21, 2020",2690115,313741,46.3,4.5
"Dallas-Fort Worth-Arlington, TX Metro Area","19 - November 11-23, 2020",2356556,293227,43.6,4.1
"Los Angeles-Long Beach-Anaheim, CA Metro Area","25 - February 17 - March 1, 2021",4382967,289907,45.1,3.2
"Los Angeles-Long Beach-Anaheim, CA Metro Area","14 - September 2-14, 2020",3861058,288761,40.9,3
"Riverside-San Bernardino-Ontario, CA Metro Area","26 - March 3-15, 2021",1462597,278225,37.9,5.5
"New York-Newark-Jersey City, NY-NJ-PA Metro Area","13 - August 19-31, 2020",5987757,277756,45.2,1.9
"Houston-The Woodlands-Sugar Land, TX Metro Area","19 - November 11-23, 2020",1805065,275431,33.5,4.2
"Chicago-Naperville-Elgin, IL-IN-WI Metro Area","18 - October 28 - November 9, 2020",2744134,273073,40.9,3.4
"Dallas-Fort Worth-Arlington, TX Metro Area","23 - January 20 - February 1, 2021",2396353,267467,41.1,3.8
"Los Angeles-Long Beach-Anaheim, CA Metro Area","20 - November 25 - December 7, 2020",3959521,264632,42.9,2.7
"Dallas-Fort Worth-Arlington, TX Metro Area","27 - March 17-29, 2021",2664587,264285,48.1,3.8
"Miami-Fort Lauderdale-Pompano Beach, FL Metro Area","25 - February 17 - March 1, 2021",1914151,259324,40.7,4.4
"Dallas-Fort Worth-Arlington, TX Metro Area","25 - February 17 - March 1, 2021",2269903,257238,38.4,4
"San Francisco-Oakland-Berkeley, CA Metro Area","26 - March 3-15, 2021",1932251,253884,55.1,4
"New York-Newark-Jersey City, NY-NJ-PA Metro Area","14 - September 2-14, 2020",5704780,251256,42.8,2
"Miami-Fort Lauderdale-Pompano Beach, FL Metro Area","20 - November 25 - December 7, 2020",1796581,248489,40.1,5.3
"Atlanta-Sandy Springs-Alpharetta, GA Metro Area","18 - October 28 - November 9, 2020",2003385,245132,45.3,4.1
"Dallas-Fort Worth-Arlington, TX Metro Area","18 - October 28 - November 9, 2020",2210901,244805,40.8,4.2
"Miami-Fort Lauderdale-Pompano Beach, FL Metro Area","17 - October 14-26, 2020",1795512,244066,40,4.4
"Chicago-Naperville-Elgin, IL-IN-WI Metro Area","23 - January 20 - February 1, 2021",2991451,242297,43.8,3.1
"Dallas-Fort Worth-Arlington, TX Metro Area","17 - October 14-26, 2020",2319051,239335,41.9,3.6
"Dallas-Fort Worth-Arlington, TX Metro Area","15 - September 16-28, 2020",2360380,238962,43.2,4
"Miami-Fort Lauderdale-Pompano Beach, FL Metro Area","18 - October 28 - November 9, 2020",1600057,236271,38.9,4.9
"Dallas-Fort Worth-Arlington, TX Metro Area","26 - March 3-15, 2021",2432420,236090,42.4,3.3
"Chicago-Naperville-Elgin, IL-IN-WI Metro Area","20 - November 25 - December 7, 2020",3006021,235888,43.8,3
"Philadelphia-Camden-Wilmington, PA-NJ-DE-MD Metro Area","22 - January 6-18, 2021",2228501,232747,44.9,4.1
"Houston-The Woodlands-Sugar Land, TX Metro Area","21 - December 9-21, 2020",1961933,230647,37.9,4.6
"Chicago-Naperville-Elgin, IL-IN-WI Metro Area","24 - February 3-15, 2021",3119648,230425,45.9,3.3
"Miami-Fort Lauderdale-Pompano Beach, FL Metro Area","22 - January 6-18, 2021",1624291,228863,34.9,4.7
"Dallas-Fort Worth-Arlington, TX Metro Area","20 - November 25 - December 7, 2020",2280816,227391,39.7,3.9
"Miami-Fort Lauderdale-Pompano Beach, FL Metro Area","23 - January 20 - February 1, 2021",2004727,224864,41.7,4.4
"Chicago-Naperville-Elgin, IL-IN-WI Metro Area","21 - December 9-21, 2020",3205173,224359,47,3
"Philadelphia-Camden-Wilmington, PA-NJ-DE-MD Metro Area","23 - January 20 - February 1, 2021",2258439,217883,46.1,3.5
"Houston-The Woodlands-Sugar Land, TX Metro Area","20 - November 25 - December 7, 2020",1888797,216754,36.8,4.1
"Miami-Fort Lauderdale-Pompano Beach, FL Metro Area","24 - February 3-15, 2021",1638280,216166,38.1,4.3
"Dallas-Fort Worth-Arlington, TX Metro Area","22 - January 6-18, 2021",2417122,215943,40.1,3.3
"Houston-The Woodlands-Sugar Land, TX Metro Area","27 - March 17-29, 2021",1982220,215340,36.9,3.9
"San Francisco-Oakland-Berkeley, CA Metro Area","22 - January 6-18, 2021",1766509,215328,52.7,4.4
"Houston-The Woodlands-Sugar Land, TX Metro Area","25 - February 17 - March 1, 2021",1804296,214861,38,3.8
"Dallas-Fort Worth-Arlington, TX Metro Area","16 - September 30 - October 12, 2020",2361852,213998,43.8,3.9
"Houston-The Woodlands-Sugar Land, TX Metro Area","24 - February 3-15, 2021",1975379,213373,38.6,3.3
"Miami-Fort Lauderdale-Pompano Beach, FL Metro Area","26 - March 3-15, 2021",1808417,212908,37.1,3.9
"Miami-Fort Lauderdale-Pompano Beach, FL Metro Area","19 - November 11-23, 2020",1567242,211475,37,4.2
"Houston-The Woodlands-Sugar Land, TX Metro Area","16 - September 30 - October 12, 2020",1945970,210543,40.2,3.5
"Philadelphia-Camden-Wilmington, PA-NJ-DE-MD Metro Area","26 - March 3-15, 2021",2155050,210224,48.3,3.3
"Miami-Fort Lauderdale-Pompano Beach, FL Metro Area","14 - September 2-14, 2020",1771513,207464,39.4,3.7
"Houston-The Woodlands-Sugar Land, TX Metro Area","18 - October 28 - November 9, 2020",1920983,206795,35.1,3.8
"Chicago-Naperville-Elgin, IL-IN-WI Metro Area","13 - August 19-31, 2020",2837261,205366,43,3.2
"Chicago-Naperville-Elgin, IL-IN-WI Metro Area","27 - March 17-29, 2021",2930012,204610,44.5,2.8
"Chicago-Naperville-Elgin, IL-IN-WI Metro Area","25 - February 17 - March 1, 2021",2644674,203342,40.9,3.2
"Philadelphia-Camden-Wilmington, PA-NJ-DE-MD Metro Area","19 - November 11-23, 2020",2205058,202911,43.4,3.7
"Dallas-Fort Worth-Arlington, TX Metro Area","24 - February 3-15, 2021",2235075,201716,39.1,3.4
"San Francisco-Oakland-Berkeley, CA Metro Area","20 - November 25 - December 7, 2020",1774723,201470,51.5,4.3
"San Francisco-Oakland-Berkeley, CA Metro Area","18 - October 28 - November 9, 2020",1782792,199652,56.2,5.1
"Houston-The Woodlands-Sugar Land, TX Metro Area","22 - January 6-18, 2021",1791428,199426,36.6,3.1
"Houston-The Woodlands-Sugar Land, TX Metro Area","26 - March 3-15, 2021",1900471,198883,37.8,3.4
"Dallas-Fort Worth-Arlington, TX Metro Area","14 - September 2-14, 2020",2222109,198383,40,3.3
"Riverside-San Bernardino-Ontario, CA Metro Area","20 - November 25 - December 7, 2020",1419974,197552,32.5,4.5
"Riverside-San Bernardino-Ontario, CA Metro Area","24 - February 3-15, 2021",1313502,197011,34.8,4
"Houston-The Woodlands-Sugar Land, TX Metro Area","23 - January 20 - February 1, 2021",2060923,196640,40.7,4
"Riverside-San Bernardino-Ontario, CA Metro Area","25 - February 17 - March 1, 2021",1236548,196178,33.7,4.1
"Chicago-Naperville-Elgin, IL-IN-WI Metro Area","19 - November 11-23, 2020",3066662,195843,45,3.1
"Riverside-San Bernardino-Ontario, CA Metro Area","18 - October 28 - November 9, 2020",1088172,195128,30.9,4
"Atlanta-Sandy Springs-Alpharetta, GA Metro Area","25 - February 17 - March 1, 2021",1879556,194662,46.5,4
"Riverside-San Bernardino-Ontario, CA Metro Area","19 - November 11-23, 2020",1170225,193023,29.7,3.9
"Atlanta-Sandy Springs-Alpharetta, GA Metro Area","19 - November 11-23, 2020",1942186,192102,44.4,4.3
"Houston-The Woodlands-Sugar Land, TX Metro Area","15 - September 16-28, 2020",1965732,192048,38.6,3.5
"Washington-Arlington-Alexandria, DC-VA-MD-WV Metro Area","24 - February 3-15, 2021",2636775,191435,60.1,2.9
"Atlanta-Sandy Springs-Alpharetta, GA Metro Area","23 - January 20 - February 1, 2021",2036789,190465,43.8,3.3
"Atlanta-Sandy Springs-Alpharetta, GA Metro Area","26 - March 3-15, 2021",2023524,189999,47.4,4
"Houston-The Woodlands-Sugar Land, TX Metro Area","17 - October 14-26, 2020",1824795,188984,35.4,3.5
"Philadelphia-Camden-Wilmington, PA-NJ-DE-MD Metro Area","18 - October 28 - November 9, 2020",2036915,188949,40.3,3.2
"Philadelphia-Camden-Wilmington, PA-NJ-DE-MD Metro Area","27 - March 17-29, 2021",2288423,188243,49.2,3.1
"Atlanta-Sandy Springs-Alpharetta, GA Metro Area","22 - January 6-18, 2021",1947187,188064,44.3,4
"San Francisco-Oakland-Berkeley, CA Metro Area","16 - September 30 - October 12, 2020",1827486,186924,56.8,3.9
"Chicago-Naperville-Elgin, IL-IN-WI Metro Area","26 - March 3-15, 2021",2624102,183362,40.7,2.4
"Washington-Arlington-Alexandria, DC-VA-MD-WV Metro Area","20 - November 25 - December 7, 2020",2601325,180804,56.8,3.2
"Chicago-Naperville-Elgin, IL-IN-WI Metro Area","22 - January 6-18, 2021",2778965,180223,42,3.1
"Chicago-Naperville-Elgin, IL-IN-WI Metro Area","16 - September 30 - October 12, 2020",3010867,179635,43.5,2.6
"Miami-Fort Lauderdale-Pompano Beach, FL Metro Area","27 - March 17-29, 2021",1475930,178806,32.9,3.2
"Atlanta-Sandy Springs-Alpharetta, GA Metro Area","20 - November 25 - December 7, 2020",1927764,178428,40.4,3.6
"Philadelphia-Camden-Wilmington, PA-NJ-DE-MD Metro Area","14 - September 2-14, 2020",2123363,178330,43.6,3.1
"Chicago-Naperville-Elgin, IL-IN-WI Metro Area","15 - September 16-28, 2020",2746632,178180,42.6,3
"Washington-Arlington-Alexandria, DC-VA-MD-WV Metro Area","21 - December 9-21, 2020",2700268,178034,58.8,2.9
"Atlanta-Sandy Springs-Alpharetta, GA Metro Area","27 - March 17-29, 2021",2222300,177334,50.4,3.3
"Riverside-San Bernardino-Ontario, CA Metro Area","27 - March 17-29, 2021",1137608,177293,33.3,4.2
"Philadelphia-Camden-Wilmington, PA-NJ-DE-MD Metro Area","21 - December 9-21, 2020",1912389,176995,43.8,3.7
"Miami-Fort Lauderdale-Pompano Beach, FL Metro Area","16 - September 30 - October 12, 2020",1511076,176081,34.9,3.4
"Chicago-Naperville-Elgin, IL-IN-WI Metro Area","17 - October 14-26, 2020",2745368,175015,40.6,2.6
"San Francisco-Oakland-Berkeley, CA Metro Area","19 - November 11-23, 2020",1791246,174818,55.7,5.2
"Atlanta-Sandy Springs-Alpharetta, GA Metro Area","16 - September 30 - October 12, 2020",1934609,174373,42.5,3.4
"San Francisco-Oakland-Berkeley, CA Metro Area","17 - October 14-26, 2020",1824986,174330,56.6,4.4
"Phoenix-Mesa-Chandler, AZ Metro Area","26 - March 3-15, 2021",1650807,173801,44.7,4.3
"Dallas-Fort Worth-Arlington, TX Metro Area","13 - August 19-31, 2020",2323574,173661,43.2,2.8
"Philadelphia-Camden-Wilmington, PA-NJ-DE-MD Metro Area","13 - August 19-31, 2020",2170786,173348,45.4,2.7
"Atlanta-Sandy Springs-Alpharetta, GA Metro Area","17 - October 14-26, 2020",1999987,171967,44.8,3.1
"San Francisco-Oakland-Berkeley, CA Metro Area","25 - February 17 - March 1, 2021",1890931,169112,54.4,4.6
"Boston-Cambridge-Newton, MA-NH Metro Area","21 - December 9-21, 2020",1965746,166516,53.4,3.7
"Detroit-Warren-Dearborn, MI Metro Area","18 - October 28 - November 9, 2020",1237445,166438,38.1,4.5
"Detroit-Warren-Dearborn, MI Metro Area","19 - November 11-23, 2020",1293205,165280,38.4,4.5
"Atlanta-Sandy Springs-Alpharetta, GA Metro Area","21 - December 9-21, 2020",1988026,165047,43.6,3.4
"Philadelphia-Camden-Wilmington, PA-NJ-DE-MD Metro Area","24 - February 3-15, 2021",2069395,164859,45.6,2.9
"Riverside-San Bernardino-Ontario, CA Metro Area","23 - January 20 - February 1, 2021",1202671,164846,32.6,3.8
"Miami-Fort Lauderdale-Pompano Beach, FL Metro Area","21 - December 9-21, 2020",1462493,162247,35.8,3.9
"Detroit-Warren-Dearborn, MI Metro Area","20 - November 25 - December 7, 2020",1275344,161885,38.9,4.4
"Riverside-San Bernardino-Ontario, CA Metro Area","13 - August 19-31, 2020",1107034,161616,27.6,3.3
"Washington-Arlington-Alexandria, DC-VA-MD-WV Metro Area","17 - October 14-26, 2020",2546518,160540,56.9,2.5
"Miami-Fort Lauderdale-Pompano Beach, FL Metro Area","15 - September 16-28, 2020",1639248,160118,36.5,3.6
"Riverside-San Bernardino-Ontario, CA Metro Area","17 - October 14-26, 2020",1151873,159831,28.1,3.5
"San Francisco-Oakland-Berkeley, CA Metro Area","13 - August 19-31, 2020",1791623,158645,52.5,3.3
"Washington-Arlington-Alexandria, DC-VA-MD-WV Metro Area","22 - January 6-18, 2021",2639105,158139,61.1,3
"San Francisco-Oakland-Berkeley, CA Metro Area","15 - September 16-28, 2020",1797416,155678,54.8,3.3
"Washington-Arlington-Alexandria, DC-VA-MD-WV Metro Area","18 - October 28 - November 9, 2020",2438803,155186,55.6,3.2
"Riverside-San Bernardino-Ontario, CA Metro Area","21 - December 9-21, 2020",1134175,154516,28,4.1
"Washington-Arlington-Alexandria, DC-VA-MD-WV Metro Area","27 - March 17-29, 2021",2511007,154203,59.6,2.5
"Atlanta-Sandy Springs-Alpharetta, GA Metro Area","14 - September 2-14, 2020",1845426,153194,41.5,2.7
"San Francisco-Oakland-Berkeley, CA Metro Area","23 - January 20 - February 1, 2021",1753787,152493,51.6,4.1
"Houston-The Woodlands-Sugar Land, TX Metro Area","13 - August 19-31, 2020",1798990,152366,36.5,2.9
"Washington-Arlington-Alexandria, DC-VA-MD-WV Metro Area","25 - February 17 - March 1, 2021",2562030,149489,59.5,3
"Washington-Arlington-Alexandria, DC-VA-MD-WV Metro Area","23 - January 20 - February 1, 2021",2552085,148866,58.2,2.7
"Detroit-Warren-Dearborn, MI Metro Area","27 - March 17-29, 2021",1353164,147689,41.3,3.8
"Phoenix-Mesa-Chandler, AZ Metro Area","25 - February 17 - March 1, 2021",1635474,147639,43.3,3.4
"Philadelphia-Camden-Wilmington, PA-NJ-DE-MD Metro Area","25 - February 17 - March 1, 2021",2192175,146164,45.3,2.9
"San Francisco-Oakland-Berkeley, CA Metro Area","27 - March 17-29, 2021",1588393,145647,50.1,3.9
"Philadelphia-Camden-Wilmington, PA-NJ-DE-MD Metro Area","16 - September 30 - October 12, 2020",2109441,145088,48.1,2.8
"Riverside-San Bernardino-Ontario, CA Metro Area","22 - January 6-18, 2021",1127001,144904,30.1,3.3
"Atlanta-Sandy Springs-Alpharetta, GA Metro Area","24 - February 3-15, 2021",1950285,143645,45.4,3
"Detroit-Warren-Dearborn, MI Metro Area","23 - January 20 - February 1, 2021",1339476,143557,40.8,4.1
"Philadelphia-Camden-Wilmington, PA-NJ-DE-MD Metro Area","17 - October 14-26, 2020",2154437,143553,48.1,2.6
"Phoenix-Mesa-Chandler, AZ Metro Area","18 - October 28 - November 9, 2020",1425971,143132,37.3,3.5
"Atlanta-Sandy Springs-Alpharetta, GA Metro Area","15 - September 16-28, 2020",1700671,142127,39.4,3
"Chicago-Naperville-Elgin, IL-IN-WI Metro Area","14 - September 2-14, 2020",2738336,140488,41.5,2.4
"Riverside-San Bernardino-Ontario, CA Metro Area","15 - September 16-28, 2020",1019686,139452,29,3.7
"Riverside-San Bernardino-Ontario, CA Metro Area","14 - September 2-14, 2020",1146684,137139,27.5,3
"Boston-Cambridge-Newton, MA-NH Metro Area","18 - October 28 - November 9, 2020",2071160,137063,54.9,3.4
"Phoenix-Mesa-Chandler, AZ Metro Area","17 - October 14-26, 2020",1572258,135193,43,3.7
"Philadelphia-Camden-Wilmington, PA-NJ-DE-MD Metro Area","20 - November 25 - December 7, 2020",1985427,134020,44.1,2.4
"Philadelphia-Camden-Wilmington, PA-NJ-DE-MD Metro Area","15 - September 16-28, 2020",2128725,133573,45,3
"Miami-Fort Lauderdale-Pompano Beach, FL Metro Area","13 - August 19-31, 2020",1543498,133285,34.4,2.5
"Detroit-Warren-Dearborn, MI Metro Area","22 - January 6-18, 2021",1272204,133033,38.2,3.6
"Washington-Arlington-Alexandria, DC-VA-MD-WV Metro Area","19 - November 11-23, 2020",2271801,132736,52.5,2.4
"Seattle-Tacoma-Bellevue, WA Metro Area","18 - October 28 - November 9, 2020",1607079,131809,50.8,3.5
"San Francisco-Oakland-Berkeley, CA Metro Area","24 - February 3-15, 2021",1703328,131799,51,4.1
"Phoenix-Mesa-Chandler, AZ Metro Area","21 - December 9-21, 2020",1586195,130877,44.3,3.6
"Detroit-Warren-Dearborn, MI Metro Area","26 - March 3-15, 2021",1191016,130592,35.8,3.4
"Phoenix-Mesa-Chandler, AZ Metro Area","24 - February 3-15, 2021",1409233,129699,40.1,3.5
"Seattle-Tacoma-Bellevue, WA Metro Area","20 - November 25 - December 7, 2020",1706179,128520,52.7,3.2
"Washington-Arlington-Alexandria, DC-VA-MD-WV Metro Area","16 - September 30 - October 12, 2020",2611421,127755,58.8,2.4
"Phoenix-Mesa-Chandler, AZ Metro Area","27 - March 17-29, 2021",1518400,126114,42,3.1
"Boston-Cambridge-Newton, MA-NH Metro Area","25 - February 17 - March 1, 2021",1979020,125871,53.3,3.2
"Detroit-Warren-Dearborn, MI Metro Area","15 - September 16-28, 2020",1289343,125720,38.7,3.2
"Detroit-Warren-Dearborn, MI Metro Area","17 - October 14-26, 2020",1263791,125102,38.1,3.3
"Houston-The Woodlands-Sugar Land, TX Metro Area","14 - September 2-14, 2020",1691966,124388,34.8,2.6
"Boston-Cambridge-Newton, MA-NH Metro Area","26 - March 3-15, 2021",1857925,121978,52.3,2.6
"Boston-Cambridge-Newton, MA-NH Metro Area","27 - March 17-29, 2021",1884045,121965,53.5,2.8
"San Francisco-Oakland-Berkeley, CA Metro Area","21 - December 9-21, 2020",1561137,121582,46.4,4.2
"Washington-Arlington-Alexandria, DC-VA-MD-WV Metro Area","13 - August 19-31, 2020",2493017,121378,56.3,2.4
"Boston-Cambridge-Newton, MA-NH Metro Area","24 - February 3-15, 2021",1942018,121290,53.7,3.2
"Washington-Arlington-Alexandria, DC-VA-MD-WV Metro Area","26 - March 3-15, 2021",2518598,120901,58.7,2.3
"Boston-Cambridge-Newton, MA-NH Metro Area","22 - January 6-18, 2021",2087233,120053,55.6,2.6
"Seattle-Tacoma-Bellevue, WA Metro Area","24 - February 3-15, 2021",1734437,119723,53.8,3.1
"Phoenix-Mesa-Chandler, AZ Metro Area","22 - January 6-18, 2021",1481089,118684,41.9,3.1
"San Francisco-Oakland-Berkeley, CA Metro Area","14 - September 2-14, 2020",1751042,118481,52.3,3
"Phoenix-Mesa-Chandler, AZ Metro Area","16 - September 30 - October 12, 2020",1602285,117110,43.1,3.1
"Phoenix-Mesa-Chandler, AZ Metro Area","15 - September 16-28, 2020",1519895,117030,41.1,2.9
"Boston-Cambridge-Newton, MA-NH Metro Area","14 - September 2-14, 2020",1882794,116123,51.1,2.6
"Detroit-Warren-Dearborn, MI Metro Area","25 - February 17 - March 1, 2021",1310073,115667,40.6,3.2
"Boston-Cambridge-Newton, MA-NH Metro Area","23 - January 20 - February 1, 2021",1910619,115096,54.6,3
"Seattle-Tacoma-Bellevue, WA Metro Area","25 - February 17 - March 1, 2021",1559396,114905,47.9,3.4
"Detroit-Warren-Dearborn, MI Metro Area","21 - December 9-21, 2020",1116653,114407,35.6,3.5
"Boston-Cambridge-Newton, MA-NH Metro Area","19 - November 11-23, 2020",1798378,113425,50.6,3.1
"Boston-Cambridge-Newton, MA-NH Metro Area","20 - November 25 - December 7, 2020",1844348,113406,52.9,3
"Phoenix-Mesa-Chandler, AZ Metro Area","20 - November 25 - December 7, 2020",1505470,112626,41.1,3.2
"Atlanta-Sandy Springs-Alpharetta, GA Metro Area","13 - August 19-31, 2020",1793609,111521,42.1,2.8
"Seattle-Tacoma-Bellevue, WA Metro Area","27 - March 17-29, 2021",1556231,111253,47.8,2.9
"Phoenix-Mesa-Chandler, AZ Metro Area","19 - November 11-23, 2020",1405390,110023,38.1,2.9
"Phoenix-Mesa-Chandler, AZ Metro Area","23 - January 20 - February 1, 2021",1614302,109291,43.2,2.8
"Washington-Arlington-Alexandria, DC-VA-MD-WV Metro Area","15 - September 16-28, 2020",2446755,107015,57.1,2.4
"Detroit-Warren-Dearborn, MI Metro Area","24 - February 3-15, 2021",1256217,106313,38.8,2.8
"Boston-Cambridge-Newton, MA-NH Metro Area","15 - September 16-28, 2020",1872139,105717,52.3,2.3
"Seattle-Tacoma-Bellevue, WA Metro Area","26 - March 3-15, 2021",1638121,103511,55.7,3.4
"Riverside-San Bernardino-Ontario, CA Metro Area","16 - September 30 - October 12, 2020",976124,103148,25,2.3
"Detroit-Warren-Dearborn, MI Metro Area","16 - September 30 - October 12, 2020",1263827,102904,37.8,3.3
"Seattle-Tacoma-Bellevue, WA Metro Area","21 - December 9-21, 2020",1495170,101614,50.2,2.9
"Boston-Cambridge-Newton, MA-NH Metro Area","17 - October 14-26, 2020",1898580,100983,55.2,2.6
"Seattle-Tacoma-Bellevue, WA Metro Area","22 - January 6-18, 2021",1592666,100312,52.6,2.7
"Seattle-Tacoma-Bellevue, WA Metro Area","23 - January 20 - February 1, 2021",1690467,97998,53.1,2.6
"Boston-Cambridge-Newton, MA-NH Metro Area","13 - August 19-31, 2020",1857235,97380,53.9,2.3
"Phoenix-Mesa-Chandler, AZ Metro Area","13 - August 19-31, 2020",1431972,96951,39.7,2.9
"Detroit-Warren-Dearborn, MI Metro Area","14 - September 2-14, 2020",1180045,96848,35.7,3.2
"Washington-Arlington-Alexandria, DC-VA-MD-WV Metro Area","14 - September 2-14, 2020",2431086,95090,55.9,2
"Boston-Cambridge-Newton, MA-NH Metro Area","16 - September 30 - October 12, 2020",1831258,91321,52.2,2.3
"Seattle-Tacoma-Bellevue, WA Metro Area","15 - September 16-28, 2020",1487415,87410,49.4,2.5
"Seattle-Tacoma-Bellevue, WA Metro Area","19 - November 11-23, 2020",1499569,86517,51.6,2.7
"Phoenix-Mesa-Chandler, AZ Metro Area","14 - September 2-14, 2020",1452901,86077,40.3,2.4
"Detroit-Warren-Dearborn, MI Metro Area","13 - August 19-31, 2020",1233095,83432,37.7,2.2
"Seattle-Tacoma-Bellevue, WA Metro Area","17 - October 14-26, 2020",1518284,80484,50.6,2.4
"Seattle-Tacoma-Bellevue, WA Metro Area","13 - August 19-31, 2020",1446923,73157,48.7,2.2
"Seattle-Tacoma-Bellevue, WA Metro Area","16 - September 30 - October 12, 2020",1479330,71700,47.6,2
"Seattle-Tacoma-Bellevue, WA Metro Area","14 - September 2-14, 2020",1517728,71253,50.5,2